relative_path,size_bytes,sha256,role
CITATION.cff,1109,74c6a813695b2f8942f0b9e04fa6de2cb47b93eef0b43f8d7b0024910587301c,SEALED_PAYLOAD
DATA_REQUIREMENTS.md,3271,d4801ba89806ff69a2fc96f70d1e2be0ad48fd8835ce61ed828dc6547b98394f,SEALED_PAYLOAD
LICENSE,1068,1e578b16177d4642e633b0e6f29035390b835728a882c21b70ec7dcf7a06194e,SEALED_PAYLOAD
PLOTTING.md,3682,2461f439a799639b6efe8fef8a79d926c161dcaa5e4959c57e6c9fb6a2ef8213,SEALED_PAYLOAD
README.md,3816,885c6b2cdf33f8a19fafac33da5168f5881a1f1a3d1d90cd741b4862f2ede9f6,SEALED_PAYLOAD
RELEASE_MANIFEST_RC4_8.csv,CONTROL_SELF_REFERENCE,CONTROL_SELF_REFERENCE,CONTROL
RUNBOOK.md,6692,8db2c59ab436cc613a672cb0facef7f7938943174c437848da8c8ca83e890649,SEALED_PAYLOAD
THIRD_PARTY_NOTICES.md,2102,6ce5c9ff854715d4dd95f3cda3922bd7b1d47a8a1de29d3ef8c29ac1e858bb8d,SEALED_PAYLOAD
config/environment-lock-linux-64.explicit.txt,23858,b81ec01348fcb76832233068ae1d675508b42cbc07e9ad4b2bcd5b9f38841e14,SEALED_PAYLOAD
config/gmt-lock-linux-64.explicit.txt,22480,f44ab1d24d73d08b8a3fbb463bbad31abe97afa80d3b7a398420d70a93313dcb,SEALED_PAYLOAD
config/plotting-requirements.txt,101,5dc723beb3a1325178372624933363bf623a5f3320677ba83f0d4f264df2789c,SEALED_PAYLOAD
config/plotting-runtime.json,548,7f819ca04adead4ffabbf39dbe28f9b1012cf9afea818b82813c0efc7c147cc8,SEALED_PAYLOAD
config/release_identity.json,424,10cad426eba4b8624d196ece636099330211d46649a31c623e367d5cbd873453,SEALED_PAYLOAD
config/requirements-lock-pip.txt,384,b395048695ca35fc2ca28c0c5164763569b202530487410b7ae096dec0de2605,SEALED_PAYLOAD
figure_specs/CURRENT_RENDERER_SOURCE_MAP.csv,1915,f8bb77a811d1b30b68e71b357fe20ce8f99ca4fc4fc92c18d8fdb759c5fe3257,SEALED_PAYLOAD
figure_specs/correspondence_schematic/anchor_lines.tsv,314,9e33485c1f46bdd1a7bb1cf2220c6ed351b14b10ff406a22d676c4128c4463aa,SEALED_PAYLOAD
figure_specs/correspondence_schematic/axes.tsv,204,26540e57c066ab19c01e316d53992ed7c89f67cb49a5ccb13cd3efaa99bc437c,SEALED_PAYLOAD
figure_specs/correspondence_schematic/ends_eligible.tsv,132,b58c09934cabe48ec371008943d625675953aed9f61e66e5f5c492440e905130,SEALED_PAYLOAD
figure_specs/correspondence_schematic/ends_not_eligible.tsv,78,d40d9dcca7450cdd1f1a1ba4651250db0b489054b8a0b728d785f7ec0dc07039,SEALED_PAYLOAD
figure_specs/correspondence_schematic/labels_blue.tsv,54,2cc88a4eb9749b91629dba69745d719c1dce04794a270b44cdadd0b2f87c4dbb,SEALED_PAYLOAD
figure_specs/correspondence_schematic/labels_brown.tsv,123,9765c4ea0c4fcc475b8edf9a22a0ee1b942a3652ced75bdef80b5cecb8da5262,SEALED_PAYLOAD
figure_specs/correspondence_schematic/labels_center.tsv,293,300d88f235f52792093bdf295bbc1a28378b683d2aa734a632a9abe843d17b06,SEALED_PAYLOAD
figure_specs/correspondence_schematic/labels_left.tsv,523,d3a33ce9c7c930ee20d3629736cbc838ae9c8c1b2fde4fb84592e5b8d57f83c7,SEALED_PAYLOAD
figure_specs/correspondence_schematic/labels_right.tsv,61,a6a23ac119134d2e4e0cd4018ab6f1791924530afedf6da1ab06af449d5f804f,SEALED_PAYLOAD
figure_specs/correspondence_schematic/labels_teal.tsv,75,e01ebdf631bb78613f10db610db5d440592c5b14006ff6cfc3f524fe3d59ed09,SEALED_PAYLOAD
figure_specs/correspondence_schematic/local_starts.tsv,52,13fc696182052e3c22d81de522a9732eac7b71db578ceb24e08ef7ecf0521f72,SEALED_PAYLOAD
figure_specs/correspondence_schematic/matched_anchors.tsv,101,1f14ba9ec88d9e9ec546aaabd3ef1fb85bd13e99059b635ff8d82fc6ce7e9221,SEALED_PAYLOAD
figure_specs/correspondence_schematic/matched_bands.tsv,196,b7e7056f44800b685b90d045a37c2fecefcaf00a3ab216a9c3a89262d9c8fce1,SEALED_PAYLOAD
figure_specs/correspondence_schematic/patches_eligible.tsv,259,d8cd80df0a64853210372b6c221ee671600a395ff0d2798b9d5a62bb0c5c1c77,SEALED_PAYLOAD
figure_specs/correspondence_schematic/patches_not_eligible.tsv,156,a23862b80b56c396e89e800eb81200055a838d33ab2488f31b61b653cd3456f8,SEALED_PAYLOAD
figure_specs/correspondence_schematic/titles.tsv,84,e29d4f131cb2f374c3170ef6dc5d7d6d5c594658e63d4727fb2a984f48c744f0,SEALED_PAYLOAD
figure_specs/correspondence_schematic/x1_bands.tsv,208,080dd0213c9e42c046e228bf5b12fab8989ad7d76b3abd163629fa8e02dd7696,SEALED_PAYLOAD
figure_specs/correspondence_schematic/x2_bands.tsv,202,3bde6957bdef0ed9957f89305841d069875ecb3ebb31c24d37cb2661efc139a5,SEALED_PAYLOAD
figure_specs/figure3.json,1525,0ff1099ba0c4e1f5ce7bb496dee7fa35fef0973f0b88c7f3075d5e94a0a42aea,SEALED_PAYLOAD
gmt.conf,264,ed15ab4942e501c0e372cc66c3ba363c021db3f83f91e3b5676cb30b90ca920b,SEALED_PAYLOAD
method_static/METHOD_STATIC_DEFINITION_STAGE2_EVIDENCE_ROWS.csv,297150,902be94249e3d58e0cb5bd03cdf6d91ff2b02ed074577ea9f80aeca392f9bdcc,SEALED_PAYLOAD
method_static/METHOD_STATIC_DEFINITION_STAGE2_REGION_MECHANISMS.csv,13730,af2a26bfb6ce4f754c5bc47b61351db91eff1ff2a915b66af2b7d3256dea787f,SEALED_PAYLOAD
method_static/METHOD_STATIC_DEFINITION_STAGE2_SYMMETRY.csv,37707,a1a5720b6f90b053dab90e6f08843742d41a7c370820ae32c7c9788d266d2b41,SEALED_PAYLOAD
method_static/provenance/AGENTS.md,7498,496f631dc78014e6e4e480666f63b55dd1f938e4f608f0026130874169ac9d4c,SEALED_PAYLOAD
method_static/provenance/VRILE_Stage3_PanArctic_Local_Contribution_Experiment_Plan.md,62470,9d7d64f083c280f78bca94dfd8aaa29be8528bc1900852c9c5d39d1e1a95d6bf,SEALED_PAYLOAD
method_static/stage2_evidence_change_claim_map.csv,846,dfd65a4b4151dbb1c2b08b526ec764255be5ddec1110e73d2ea8777620046bc7,SEALED_PAYLOAD
run_all.sh,1935,425dd913f48b6c80133111c10549d112d02e5be361933ed85d10ab60c984d749,SEALED_PAYLOAD
run_stage1.sh,7362,1460aa10c1f7fdd0c3881843dcf8d857f2cb5726861facabf441b64ec06f9709,SEALED_PAYLOAD
run_stage2.sh,7255,4b4c1b2c2884d09717c40b9355b7ea91f52061e24c472673e9c4ea4941866e49,SEALED_PAYLOAD
run_stage3.sh,4346,d49f29332d0c3394a10f76d85f76dc9707d7d2b36b93b10650ec6f3cdd031089,SEALED_PAYLOAD
run_stagex.sh,6423,39cd8688aa0ce668256eaf0746b2160abb5a09f9a4f62425185da1b54ceaddff,SEALED_PAYLOAD
scripts/assemble_floor015_stage2.py,3280,9bd8e44556cda378b4d5cc0b122e1b4ed1dadac60786d0eb3cb0a21069b68e98,SEALED_PAYLOAD
scripts/assemble_formal_stage2.py,13993,14c08559229530b933c00b8bd4adc61f38899ba0a68250342cd5ef602bfff79c,SEALED_PAYLOAD
scripts/check_stage3_no_lookahead.py,7047,39da4b0ef2ef56eaeabcb6437bf3bb111ef3efe6ab209b9fd4d094a2f28cb873,SEALED_PAYLOAD
scripts/common_utils_parallel.py,6148,47bff7bce5122fbde62db69c44bdc4fcfeef01d5b9f90a7e5b8ca1e948a2a81a,SEALED_PAYLOAD
scripts/complete_stage2_scope.py,19518,1f7a0dcd266c1327f010d2cc2cd0bbcf073011835d3aeaa281e062594c0e18b4,SEALED_PAYLOAD
scripts/figures/assemble_current.py,2601,bf304c973a89a4b21d35af3871851889d2f762edf0fdb81bbb28f1d51bdfa4e9,SEALED_PAYLOAD
scripts/figures/bundle_saved_results.py,9563,4f811ffa32282867794af3a8ed7c5399ff57befa28f710b23b77af6132ad8a71,SEALED_PAYLOAD
scripts/figures/check_outputs.py,2632,fac1ee88744c27a1361debff0fd6ff438d264575764456eb68e9dcc8d714d589,SEALED_PAYLOAD
scripts/figures/export_panels.py,4373,da9e2b849a784719418b55d8055f622d814fe9d6efb567ebaa33b3c7f20b3c35,SEALED_PAYLOAD
scripts/figures/gmt/figure_2.sh,4425,92fbbfc56a9f8f35b5f9cd520b11e4ff3449eb610b72eaf6f491a89cb5baf636,SEALED_PAYLOAD
scripts/figures/gmt/figure_3.sh,5122,10225c0e5d8bb3dc727c5f12e4cbd6bba38a1e4240c0ec48d3e33d9f7135f637,SEALED_PAYLOAD
scripts/figures/gmt/figure_4.sh,5843,d6882dc3508722746535ed73eb92e70f579a1ccad11fd50c30217371b9428819,SEALED_PAYLOAD
scripts/figures/gmt/figure_5.sh,4535,454c78d1b313b972b6e10ca36cc7ec89fb9c1606822b7cacbbca9e1721db66e0,SEALED_PAYLOAD
scripts/figures/gmt/figure_6.sh,5049,430b711b1874635703a9015af8141f47c2b444e667f2b35d61f08b87048ce940,SEALED_PAYLOAD
scripts/figures/gmt/figure_S1.sh,2711,dca5af13b4a34c4aa48b28cc941d33b7f5f8b4ad89fe32cf58477558840f8b67,SEALED_PAYLOAD
scripts/figures/gmt/figure_S2.sh,1595,a009e02dcbc7fc3e61d053ca813e6e17794104a11e0614c85131eb60df5fad51,SEALED_PAYLOAD
scripts/figures/gmt/figure_S3.sh,1347,c35b2d9632d2f9a23b5da91ba907476fe0030248ac698b8d730ffaa9efef9efc,SEALED_PAYLOAD
scripts/figures/gmt/figure_S4.sh,1525,49b34677dac61471fc88f7c4094d41987bcefbe0f7bc04bd649a16c90c1401f7,SEALED_PAYLOAD
scripts/figures/plot_runtime.py,456,c2875ff52f9fddd6a9a191bb83e178c3560220ec5b44927f08dd60e903bc5a4f,SEALED_PAYLOAD
scripts/figures/prepare_inputs.py,14148,e1e079c82a0c11e09bc8b1d9526f533458f42b828f40005aa79907abd14e00b4,SEALED_PAYLOAD
scripts/figures/process_control.py,1255,958e3966622a231d5804c96b177a1b55b780cae62b3d1c54115d8a7d2a1764be,SEALED_PAYLOAD
scripts/figures/refine_layout.py,7638,7cf629b227163659cd9d055c1c8f02f812cd6d24a478e8c7f7a6034eedbf2eae,SEALED_PAYLOAD
scripts/figures/remove_caption_titles.py,2283,0becd15a618d8e1e16138e05acb48dd1c75245bb4ef45a97bb38d9ca086ed160,SEALED_PAYLOAD
scripts/figures/render_current.py,6981,a70bd6172740b9d25f9ef537679e25d2e524dc05d4855b9ed7f5edaa94cf0248,SEALED_PAYLOAD
scripts/figures/vector_colorbar_cpt.py,990,fed1c28ff298b3e6bf028818f7811653eaaa5e0b414f6dc421651d0ac2dd47f2,SEALED_PAYLOAD
scripts/finalize_stage2_scope.py,17223,2e938c940d93cbcae8f70fea53037b7e0798ea9607491215621daca08312ca8b,SEALED_PAYLOAD
scripts/presentation/prepare_shared_gmt_tables.py,14265,9c7918dec318816823a29754f06d35c164300aec8ac08e28576f12a762f408ff,SEALED_PAYLOAD
scripts/presentation/revision_round1_f1_f2.py,33424,c2995da6324db2297b8e94587d7cafdb1dc3c0f1e05c434480452eeb74a0d49a,SEALED_PAYLOAD
scripts/presentation/revision_round1_f3.py,34580,018d5e240867ebbcc79055cd9af73612c94bf4663ef2336fe1e984e5a64ccd1b,SEALED_PAYLOAD
scripts/run_corrected_stage3_20260822.py,18698,f1a803c80ec8bc623e48b9ee13f695aa2fa2ff55dee500a12934c9fb0b4b39e2,SEALED_PAYLOAD
scripts/runner/FRESH_PRESENTATION_SOURCE_PATH_MAP.csv,2020,59aab7cbf82da2924920dc7d28a1cafc5d6307f394cc48303eade3ac4f7d17c1,SEALED_PAYLOAD
scripts/runner/check_environment.py,1309,f729e4fd8a00b4d624c40cb705f197517c5a7ba5c8dc35390bc7485228656bc3,SEALED_PAYLOAD
scripts/runner/check_local_catalog_handoff.py,6476,9031091d4d834a41f1e651d23863d0ce20fd1178899b8ec78395ad98724627ca,SEALED_PAYLOAD
scripts/runner/common.sh,7612,a3e2fe17759f7b45d14cf70e2fe1ba96ad8153f1dc9847b05f16414520c1afc2,SEALED_PAYLOAD
scripts/runner/complete_pre_m007_sparse_materialization.py,8326,5869e11bb0872804f5240f5a207cba7b0ecf6cc88d8c76a2d139128afbecbbc3,SEALED_PAYLOAD
scripts/runner/copy_release.py,4249,52b1d45a6b8cda8f42281f064cb40f5d0f3a292d5672dd7f2558b97c4cda933d,SEALED_PAYLOAD
scripts/runner/entrypoint.sh,9404,811ad2b18157ef2aaecd2f75c6988567742ea12da340f14db1ffde6a75c42ecc,SEALED_PAYLOAD
scripts/runner/generate_fresh_presentation_sources.py,29218,89b06c5576465565136ac88c9b6308bbe48a57af07257ddac71d5c5e0340787e,SEALED_PAYLOAD
scripts/runner/generate_stage3_component_sensitivity.py,9175,7ced4333c09aa64189e5aafc8fbe561a670f7765434cbb18dc8ab7b426f147f5,SEALED_PAYLOAD
scripts/runner/initialize_run.sh,3982,8b0312c2e6ee460901d9ffaef5a2f04ab79ab4c3e60bd1bf1b9118ae61220258,SEALED_PAYLOAD
scripts/runner/plotting_runtime.py,5649,5d88b713cf93b9b94fe2a180b52d6c1235546e68683bcd926c71594980c9fbfb,SEALED_PAYLOAD
scripts/runner/plotting_runtime.sh,359,963bb39cf7e4534444370090790caba126c831ac9d4a6512fc6cf3d2d7de2fdf,SEALED_PAYLOAD
scripts/runner/preflight.sh,10221,1dda95f7f46e3f2400988fcfe542896d5678481cf6e7204de436acf86ed3ebf6,SEALED_PAYLOAD
scripts/runner/prepare_current_presentation_inputs.py,3896,1fc592f4aaa75bf7de476c4d70e4b8a11df29d0da2355ec908bfd7812ec85444,SEALED_PAYLOAD
scripts/runner/release_identity.py,1103,c3fe5048a98c4bbb7be9fb3052e21c43bc7cc1cfccbbe2ade705bb8808eca7d5,SEALED_PAYLOAD
scripts/runner/run_evidence.py,4522,64ab19d4c78979bf5acfffa73f65b50f17e07d82897b93258c10e473f4f91e3b,SEALED_PAYLOAD
scripts/runner/run_policy.py,5656,96755bd23842de5b5bd86fdae757228a69ecb5130939e214aff13788451552a4,SEALED_PAYLOAD
scripts/runner/runtime_trace/sitecustomize.py,2269,60b641272b5da78a7255851573721e465e524bc1fa30ffd2335eb52cae783958,SEALED_PAYLOAD
scripts/runner/setup_environments.sh,3371,e982d6263ae1c2d02e04757bba1330d03c3e6f977b9d6bd301bbceeac3dfc996,SEALED_PAYLOAD
scripts/runner/setup_plotting_runtime.sh,2110,a645cc4dbb337c7b6821cbeef7a90141dfcd2caa3052f7ab1614b476893fde44,SEALED_PAYLOAD
scripts/runner/status.sh,956,f308eeafef95004577d99f06bc6474a90afc388105c1841fa54603a818bdd67c,SEALED_PAYLOAD
scripts/stage1_consolidate_local_objects.py,10996,d0e56b4c1d63ae20083f54745cf535583905225733a61c3a712063f0da0ec397,SEALED_PAYLOAD
scripts/stage1_detect_local_sic_loss_objects.py,22874,46afa1c234464a070784922235e466409356b0fbf55d17e84991df8935bbec28,SEALED_PAYLOAD
scripts/stage1_filter_severe_local_events.py,12663,531bf6e2c055bfc2782acf6389b3d093c8377844f815cd6ed1d911f7e92adc89,SEALED_PAYLOAD
scripts/stage1_rebuild_local_catalog_from_frozen_cells.py,15836,1cae164cebff6caf43d193fa1827ec344ceb97635977d0c116de5748ed9e8d26,SEALED_PAYLOAD
scripts/stage1_reproduce_sic_locations.py,4476,abf40eae38e91e81c4b8ae688595ac7df1488535616d8d82049de2ec8866da29,SEALED_PAYLOAD
scripts/stage1_reproduce_sie_detection.py,4419,4bfcf0f316c23f8d7b3ea461c58557e07eb5dd274c39f0b28ebc507b3df5f536,SEALED_PAYLOAD
scripts/stage2_build_era5_cyclone_tracks.py,21005,58ece91bfe09f583831b897b6c65d238c2a72bc9a0f6fb89435030027b084282,SEALED_PAYLOAD
scripts/stage2_experiment_core.py,172881,29e9e3db4497db71640a5ca11c302212454a9c29f2e378d8603a1cd153d14735,SEALED_PAYLOAD
scripts/stage2_robustness_floor015_downstream.py,1624,74872d83f8426f57da1e466643d01925f7b3e497f5e5956cff1ea238401185e1,SEALED_PAYLOAD
scripts/stage3_batch3_preflight.py,13647,15386d6e72bf473786e2df95a88d189f2ee37e8925165311cba92428812da7b1,SEALED_PAYLOAD
scripts/stage3_cdr_loss_fields.py,5193,e8547ab832c455ad1eb2bdf0f514b05a52ed990bb279af5de55c81b8b88e9318,SEALED_PAYLOAD
scripts/stage3_contribution_budget.py,7807,895411c673060b6a385d27b022bb91d91d6b89c4e6401837ab4b8a55276bbf07,SEALED_PAYLOAD
scripts/stage3_detector_extent_fields.py,3526,1ae5d54a4ff9371fa19c97421e59922a10053d3d4b8d16f3ae6d559583668049,SEALED_PAYLOAD
scripts/stage3_local_cells_preflight.py,14013,b86b5bcc6d7b8af2186b995291bc079ab377eaba7f068825c344024347d07135,SEALED_PAYLOAD
scripts/stage3_local_footprints.py,1855,3af660bf89cfbc867656f40db42af73a144374bd8269194615d300d91a9cfb7e,SEALED_PAYLOAD
scripts/stage3_panarctic_local_contribution.py,64944,9342a89533354d6ec4c8e51266dd987a80f4e32fe35ebead8e8018e79ffe1bbe,SEALED_PAYLOAD
scripts/stage3_raster_overlap.py,5887,1194a487eb94b63ba749231d9af6832826142688eee70ae18e4f9456f2f3af61,SEALED_PAYLOAD
scripts/stage3_spatial_composition_metrics.py,10450,02287a10e21ef8cb349de46b23477c06a5ab92247722fe1c9bff3eec66cbb131,SEALED_PAYLOAD
scripts/stagex_cross_scale.py,48128,176d03b6244607c14659b6b7a18d9d4ab4b5419fe8ef145f28b47120609ff622,SEALED_PAYLOAD
sha256.txt,CONTROL_SELF_REFERENCE,CONTROL_SELF_REFERENCE,CONTROL
src/vrile/__init__.py,1577,bc427954533d88d2b89801189505fbe1a6b686a4aa84bc6636a4fd8e4e184db4,SEALED_PAYLOAD
src/vrile/config.py,4169,ddd1ce0275577775d7399d27aa033dcc1ac85b5b32bf4e1578b24a033b64b979,SEALED_PAYLOAD
src/vrile/detection.py,4217,322a5218270a5d11258a44e921e052bc2571ae36df0464db3afc1f1e097aea2f,SEALED_PAYLOAD
src/vrile/filtering.py,1690,f4c1854a33d5ce9d29ede9014f063a8836442607d6d02a6edfe049a7ce59eb39,SEALED_PAYLOAD
src/vrile/io.py,16767,00ed603bd71378b78df67c45e868e658d669bf1a115e4cedc3da385c135556a3,SEALED_PAYLOAD
src/vrile/local_objects.py,18846,1c7edf8f7e2d7bfa59692244bbc19370c728f54d125f6e8a8fb88466c2b4b11f,SEALED_PAYLOAD
src/vrile/months.py,1810,de0de1af015f9fb9854c45040aaf027c2f6fdec70e7b97cb69efbb8b44c66e57,SEALED_PAYLOAD
src/vrile/plotting.py,1540,33c7968a4c93a35e7c9ecdf9b692af84cf00f3dc971b12e64f37a936e8ad2fbd,SEALED_PAYLOAD
src/vrile/preprocessing.py,5187,c20f718a871e99b37fc429d22b0fe4fda5e5d69026884d349b16a4ebc1178039,SEALED_PAYLOAD
src/vrile/regions.py,14718,e0b0a924e144e4b245dabd6a15bd2b58fe1d6b0318e9cd7d06cf121d83aa9451,SEALED_PAYLOAD
src/vrile/robustness/__init__.py,57,28d7fe1daee210bbc3152088913e3d8f87fa36160a0af1adba47d8fd59ebcae8,SEALED_PAYLOAD
src/vrile/robustness/downstream_floor015.py,70708,82f427edb7a20940f6ab50b5377bef0c9df966bc7be9456c1d8837e87027e17f,SEALED_PAYLOAD
src/vrile/robustness/floor015_executor.py,4970,9508eed2d6cc146940d1bf7b64346b0fc9d580d231ad4f2a37c5ea893f8c8207,SEALED_PAYLOAD
src/vrile/robustness/lowsic_core.py,19875,a2c503d5da3a550df11b4acaecc67b2a978138ac88339d625c8653420b090e5b,SEALED_PAYLOAD
src/vrile/robustness/lowsic_local.py,26892,4d0fde727baa0e74ad62b9cf4bda5028fc64e785fa1c8b26e856c01437a0217a,SEALED_PAYLOAD
src/vrile/stage3/__init__.py,61,5d2d271442836571b4fcbacc2b5a9a65a7384232dae1b7b1fd71ba28a73c8918,SEALED_PAYLOAD
src/vrile/stage3/budget.py,27660,2be42eb2b198845ce4018b4062546e3b2cd94cc70c1f6bb7a009914d35373105,SEALED_PAYLOAD
src/vrile/stage3/controls.py,54872,1df234ca2b0184f26a6ed3cefc2ffbbbed49b991bc23eb12e08001e1807b0865,SEALED_PAYLOAD
src/vrile/stage3/fields.py,8895,fa9e9b91d4875d138bde4af19613ff24db161af4b8b54a3dba7109a0dbbab37b,SEALED_PAYLOAD
src/vrile/stage3/footprints.py,10152,a43709b59218741f3646a8c1cb2905746995e7017763835d9bce1dfe3d2a0ee2,SEALED_PAYLOAD
src/vrile/stage3/frozen.py,4222,2ae3b77a3e3dfeb0e6a98415f51b860d4ed580e83316f91fa0aaa8ce523b74b7,SEALED_PAYLOAD
src/vrile/stage3/grid.py,25056,5e5fefd58b985ca96212c5e4cd0d8dd9be4ba931b8904c055ddf975b26415651,SEALED_PAYLOAD
src/vrile/stage3/metrics.py,7062,094394a982e1752cdfa965989268ecedf866f33211b07745ab1edac8133d7b75,SEALED_PAYLOAD
src/vrile/stage3/overlap.py,10655,f370914b1c4e97b634cc863231198a171df5d89a9fa33fbbf2c6b9b20a04ecf6,SEALED_PAYLOAD
src/vrile/stage3/reverse.py,23669,2ac5c598d45a4ea6131563de4154f8d0b1d7ec225b0d788d020f908b4c6efad6,SEALED_PAYLOAD
src/vrile/utils.py,1440,7e577c128f73ad510f4d5ef048f90305a4ccb21d8a3d6cd747d34983f2326d43,SEALED_PAYLOAD
