0.00000000	132.00000000	Local start (X1)
0.00000000	112.00000000	Member patches (X2)
0.00000000	107.00000000	start @~\243@~ T
0.00000000	102.00000000	T\0355 @~\243@~ end @~\243@~ T
0.00000000	90.00000000	Matched context
0.00000000	85.00000000	Rebuild domains at U
0.00000000	63.00000000	Local start (X1)
0.00000000	38.00000000	Member patches (X2)
0.00000000	33.00000000	start @~\243@~ T
0.00000000	28.00000000	T\0355 @~\243@~ end @~\243@~ T
0.00000000	10.00000000	Matched context
0.00000000	5.00000000	Rebuild domains at U
