audit_id,region,mechanism,diagnostic_scope,variable_definition,event_population,lags_background,buffers,statistical_unit,test,bootstrap_resamples,fdr_rule,effect_support_threshold,control_robustness_rule,expected_rows,source_files,notes
SYM_beaufort_sea_sic_state,beaufort_sea,sic_state,location-buffer;lead-lag;wrong-region;year-block,sic_mean_buffer,major_severe local events in the focus region,"location event=-1,0 background=-10,-7,-5; lead groups pre=-3,-1 event=0 post=1,3,5","100,300,500 km; lead-lag=300 km",unique_local_event_id,one-sample t-test; paired wrong-region sign-flip,location=500;lead=1000;wrong=1000;year-block=1000,location complete 90-row table; lead complete 90-row table; wrong separately within source_region,"N>=3,p_FDR<0.05,CI excludes zero; location additionally |standardized effect|>=0.2",same-source-event pairing; 4/4 wrong regions; year-block CI,location=3;lead=3;wrong=12;year=3,outputs/location_buffer_mechanism/location_buffer_evidence_table.csv;outputs/lead_lag/lead_lag_background_tests.csv;outputs/controls/wrong_region_control_statistical.csv;outputs/controls/year_block_bootstrap_summary.csv,"Same eligible event-catalog definition, code path and rules in all five regions; effective complete-case N may vary by variable/data availability. This is not a direct between-region contrast."
SYM_beaufort_sea_sic_change_5d,beaufort_sea,sic_change_5d,location-buffer;lead-lag;wrong-region;year-block,sic_change_5d_buffer,major_severe local events in the focus region,"location event=-1,0 background=-10,-7,-5; lead groups pre=-3,-1 event=0 post=1,3,5","100,300,500 km; lead-lag=300 km",unique_local_event_id,one-sample t-test; paired wrong-region sign-flip,location=500;lead=1000;wrong=1000;year-block=1000,location complete 90-row table; lead complete 90-row table; wrong separately within source_region,"N>=3,p_FDR<0.05,CI excludes zero; location additionally |standardized effect|>=0.2",same-source-event pairing; 4/4 wrong regions; year-block CI,location=3;lead=3;wrong=12;year=3,outputs/location_buffer_mechanism/location_buffer_evidence_table.csv;outputs/lead_lag/lead_lag_background_tests.csv;outputs/controls/wrong_region_control_statistical.csv;outputs/controls/year_block_bootstrap_summary.csv,"Same eligible event-catalog definition, code path and rules in all five regions; effective complete-case N may vary by variable/data availability. This is not a direct between-region contrast."
SYM_beaufort_sea_mean_sea_level_pressure,beaufort_sea,mean_sea_level_pressure,location-buffer;lead-lag;wrong-region;year-block,era5_msl_buffer,major_severe local events in the focus region,"location event=-1,0 background=-10,-7,-5; lead groups pre=-3,-1 event=0 post=1,3,5","100,300,500 km; lead-lag=300 km",unique_local_event_id,one-sample t-test; paired wrong-region sign-flip,location=500;lead=1000;wrong=1000;year-block=1000,location complete 90-row table; lead complete 90-row table; wrong separately within source_region,"N>=3,p_FDR<0.05,CI excludes zero; location additionally |standardized effect|>=0.2",same-source-event pairing; 4/4 wrong regions; year-block CI,location=3;lead=3;wrong=12;year=3,outputs/location_buffer_mechanism/location_buffer_evidence_table.csv;outputs/lead_lag/lead_lag_background_tests.csv;outputs/controls/wrong_region_control_statistical.csv;outputs/controls/year_block_bootstrap_summary.csv,"Same eligible event-catalog definition, code path and rules in all five regions; effective complete-case N may vary by variable/data availability. This is not a direct between-region contrast."
SYM_beaufort_sea_zonal_wind_u10,beaufort_sea,zonal_wind_u10,location-buffer;lead-lag;wrong-region;year-block,era5_u10_buffer,major_severe local events in the focus region,"location event=-1,0 background=-10,-7,-5; lead groups pre=-3,-1 event=0 post=1,3,5","100,300,500 km; lead-lag=300 km",unique_local_event_id,one-sample t-test; paired wrong-region sign-flip,location=500;lead=1000;wrong=1000;year-block=1000,location complete 90-row table; lead complete 90-row table; wrong separately within source_region,"N>=3,p_FDR<0.05,CI excludes zero; location additionally |standardized effect|>=0.2",same-source-event pairing; 4/4 wrong regions; year-block CI,location=3;lead=3;wrong=12;year=3,outputs/location_buffer_mechanism/location_buffer_evidence_table.csv;outputs/lead_lag/lead_lag_background_tests.csv;outputs/controls/wrong_region_control_statistical.csv;outputs/controls/year_block_bootstrap_summary.csv,"Same eligible event-catalog definition, code path and rules in all five regions; effective complete-case N may vary by variable/data availability. This is not a direct between-region contrast."
SYM_beaufort_sea_meridional_wind_v10,beaufort_sea,meridional_wind_v10,location-buffer;lead-lag;wrong-region;year-block,era5_v10_buffer,major_severe local events in the focus region,"location event=-1,0 background=-10,-7,-5; lead groups pre=-3,-1 event=0 post=1,3,5","100,300,500 km; lead-lag=300 km",unique_local_event_id,one-sample t-test; paired wrong-region sign-flip,location=500;lead=1000;wrong=1000;year-block=1000,location complete 90-row table; lead complete 90-row table; wrong separately within source_region,"N>=3,p_FDR<0.05,CI excludes zero; location additionally |standardized effect|>=0.2",same-source-event pairing; 4/4 wrong regions; year-block CI,location=3;lead=3;wrong=12;year=3,outputs/location_buffer_mechanism/location_buffer_evidence_table.csv;outputs/lead_lag/lead_lag_background_tests.csv;outputs/controls/wrong_region_control_statistical.csv;outputs/controls/year_block_bootstrap_summary.csv,"Same eligible event-catalog definition, code path and rules in all five regions; effective complete-case N may vary by variable/data availability. This is not a direct between-region contrast."
SYM_beaufort_sea_wind_speed_10m,beaufort_sea,wind_speed_10m,location-buffer;lead-lag;wrong-region;year-block,era5_wspd10_buffer,major_severe local events in the focus region,"location event=-1,0 background=-10,-7,-5; lead groups pre=-3,-1 event=0 post=1,3,5","100,300,500 km; lead-lag=300 km",unique_local_event_id,one-sample t-test; paired wrong-region sign-flip,location=500;lead=1000;wrong=1000;year-block=1000,location complete 90-row table; lead complete 90-row table; wrong separately within source_region,"N>=3,p_FDR<0.05,CI excludes zero; location additionally |standardized effect|>=0.2",same-source-event pairing; 4/4 wrong regions; year-block CI,location=3;lead=3;wrong=12;year=3,outputs/location_buffer_mechanism/location_buffer_evidence_table.csv;outputs/lead_lag/lead_lag_background_tests.csv;outputs/controls/wrong_region_control_statistical.csv;outputs/controls/year_block_bootstrap_summary.csv,"Same eligible event-catalog definition, code path and rules in all five regions; effective complete-case N may vary by variable/data availability. This is not a direct between-region contrast."
SYM_laptev_sea_sic_state,laptev_sea,sic_state,location-buffer;lead-lag;wrong-region;year-block,sic_mean_buffer,major_severe local events in the focus region,"location event=-1,0 background=-10,-7,-5; lead groups pre=-3,-1 event=0 post=1,3,5","100,300,500 km; lead-lag=300 km",unique_local_event_id,one-sample t-test; paired wrong-region sign-flip,location=500;lead=1000;wrong=1000;year-block=1000,location complete 90-row table; lead complete 90-row table; wrong separately within source_region,"N>=3,p_FDR<0.05,CI excludes zero; location additionally |standardized effect|>=0.2",same-source-event pairing; 4/4 wrong regions; year-block CI,location=3;lead=3;wrong=12;year=3,outputs/location_buffer_mechanism/location_buffer_evidence_table.csv;outputs/lead_lag/lead_lag_background_tests.csv;outputs/controls/wrong_region_control_statistical.csv;outputs/controls/year_block_bootstrap_summary.csv,"Same eligible event-catalog definition, code path and rules in all five regions; effective complete-case N may vary by variable/data availability. This is not a direct between-region contrast."
SYM_laptev_sea_sic_change_5d,laptev_sea,sic_change_5d,location-buffer;lead-lag;wrong-region;year-block,sic_change_5d_buffer,major_severe local events in the focus region,"location event=-1,0 background=-10,-7,-5; lead groups pre=-3,-1 event=0 post=1,3,5","100,300,500 km; lead-lag=300 km",unique_local_event_id,one-sample t-test; paired wrong-region sign-flip,location=500;lead=1000;wrong=1000;year-block=1000,location complete 90-row table; lead complete 90-row table; wrong separately within source_region,"N>=3,p_FDR<0.05,CI excludes zero; location additionally |standardized effect|>=0.2",same-source-event pairing; 4/4 wrong regions; year-block CI,location=3;lead=3;wrong=12;year=3,outputs/location_buffer_mechanism/location_buffer_evidence_table.csv;outputs/lead_lag/lead_lag_background_tests.csv;outputs/controls/wrong_region_control_statistical.csv;outputs/controls/year_block_bootstrap_summary.csv,"Same eligible event-catalog definition, code path and rules in all five regions; effective complete-case N may vary by variable/data availability. This is not a direct between-region contrast."
SYM_laptev_sea_mean_sea_level_pressure,laptev_sea,mean_sea_level_pressure,location-buffer;lead-lag;wrong-region;year-block,era5_msl_buffer,major_severe local events in the focus region,"location event=-1,0 background=-10,-7,-5; lead groups pre=-3,-1 event=0 post=1,3,5","100,300,500 km; lead-lag=300 km",unique_local_event_id,one-sample t-test; paired wrong-region sign-flip,location=500;lead=1000;wrong=1000;year-block=1000,location complete 90-row table; lead complete 90-row table; wrong separately within source_region,"N>=3,p_FDR<0.05,CI excludes zero; location additionally |standardized effect|>=0.2",same-source-event pairing; 4/4 wrong regions; year-block CI,location=3;lead=3;wrong=12;year=3,outputs/location_buffer_mechanism/location_buffer_evidence_table.csv;outputs/lead_lag/lead_lag_background_tests.csv;outputs/controls/wrong_region_control_statistical.csv;outputs/controls/year_block_bootstrap_summary.csv,"Same eligible event-catalog definition, code path and rules in all five regions; effective complete-case N may vary by variable/data availability. This is not a direct between-region contrast."
SYM_laptev_sea_zonal_wind_u10,laptev_sea,zonal_wind_u10,location-buffer;lead-lag;wrong-region;year-block,era5_u10_buffer,major_severe local events in the focus region,"location event=-1,0 background=-10,-7,-5; lead groups pre=-3,-1 event=0 post=1,3,5","100,300,500 km; lead-lag=300 km",unique_local_event_id,one-sample t-test; paired wrong-region sign-flip,location=500;lead=1000;wrong=1000;year-block=1000,location complete 90-row table; lead complete 90-row table; wrong separately within source_region,"N>=3,p_FDR<0.05,CI excludes zero; location additionally |standardized effect|>=0.2",same-source-event pairing; 4/4 wrong regions; year-block CI,location=3;lead=3;wrong=12;year=3,outputs/location_buffer_mechanism/location_buffer_evidence_table.csv;outputs/lead_lag/lead_lag_background_tests.csv;outputs/controls/wrong_region_control_statistical.csv;outputs/controls/year_block_bootstrap_summary.csv,"Same eligible event-catalog definition, code path and rules in all five regions; effective complete-case N may vary by variable/data availability. This is not a direct between-region contrast."
SYM_laptev_sea_meridional_wind_v10,laptev_sea,meridional_wind_v10,location-buffer;lead-lag;wrong-region;year-block,era5_v10_buffer,major_severe local events in the focus region,"location event=-1,0 background=-10,-7,-5; lead groups pre=-3,-1 event=0 post=1,3,5","100,300,500 km; lead-lag=300 km",unique_local_event_id,one-sample t-test; paired wrong-region sign-flip,location=500;lead=1000;wrong=1000;year-block=1000,location complete 90-row table; lead complete 90-row table; wrong separately within source_region,"N>=3,p_FDR<0.05,CI excludes zero; location additionally |standardized effect|>=0.2",same-source-event pairing; 4/4 wrong regions; year-block CI,location=3;lead=3;wrong=12;year=3,outputs/location_buffer_mechanism/location_buffer_evidence_table.csv;outputs/lead_lag/lead_lag_background_tests.csv;outputs/controls/wrong_region_control_statistical.csv;outputs/controls/year_block_bootstrap_summary.csv,"Same eligible event-catalog definition, code path and rules in all five regions; effective complete-case N may vary by variable/data availability. This is not a direct between-region contrast."
SYM_laptev_sea_wind_speed_10m,laptev_sea,wind_speed_10m,location-buffer;lead-lag;wrong-region;year-block,era5_wspd10_buffer,major_severe local events in the focus region,"location event=-1,0 background=-10,-7,-5; lead groups pre=-3,-1 event=0 post=1,3,5","100,300,500 km; lead-lag=300 km",unique_local_event_id,one-sample t-test; paired wrong-region sign-flip,location=500;lead=1000;wrong=1000;year-block=1000,location complete 90-row table; lead complete 90-row table; wrong separately within source_region,"N>=3,p_FDR<0.05,CI excludes zero; location additionally |standardized effect|>=0.2",same-source-event pairing; 4/4 wrong regions; year-block CI,location=3;lead=3;wrong=12;year=3,outputs/location_buffer_mechanism/location_buffer_evidence_table.csv;outputs/lead_lag/lead_lag_background_tests.csv;outputs/controls/wrong_region_control_statistical.csv;outputs/controls/year_block_bootstrap_summary.csv,"Same eligible event-catalog definition, code path and rules in all five regions; effective complete-case N may vary by variable/data availability. This is not a direct between-region contrast."
SYM_kara_sea_sic_state,kara_sea,sic_state,location-buffer;lead-lag;wrong-region;year-block,sic_mean_buffer,major_severe local events in the focus region,"location event=-1,0 background=-10,-7,-5; lead groups pre=-3,-1 event=0 post=1,3,5","100,300,500 km; lead-lag=300 km",unique_local_event_id,one-sample t-test; paired wrong-region sign-flip,location=500;lead=1000;wrong=1000;year-block=1000,location complete 90-row table; lead complete 90-row table; wrong separately within source_region,"N>=3,p_FDR<0.05,CI excludes zero; location additionally |standardized effect|>=0.2",same-source-event pairing; 4/4 wrong regions; year-block CI,location=3;lead=3;wrong=12;year=3,outputs/location_buffer_mechanism/location_buffer_evidence_table.csv;outputs/lead_lag/lead_lag_background_tests.csv;outputs/controls/wrong_region_control_statistical.csv;outputs/controls/year_block_bootstrap_summary.csv,"Same eligible event-catalog definition, code path and rules in all five regions; effective complete-case N may vary by variable/data availability. This is not a direct between-region contrast."
SYM_kara_sea_sic_change_5d,kara_sea,sic_change_5d,location-buffer;lead-lag;wrong-region;year-block,sic_change_5d_buffer,major_severe local events in the focus region,"location event=-1,0 background=-10,-7,-5; lead groups pre=-3,-1 event=0 post=1,3,5","100,300,500 km; lead-lag=300 km",unique_local_event_id,one-sample t-test; paired wrong-region sign-flip,location=500;lead=1000;wrong=1000;year-block=1000,location complete 90-row table; lead complete 90-row table; wrong separately within source_region,"N>=3,p_FDR<0.05,CI excludes zero; location additionally |standardized effect|>=0.2",same-source-event pairing; 4/4 wrong regions; year-block CI,location=3;lead=3;wrong=12;year=3,outputs/location_buffer_mechanism/location_buffer_evidence_table.csv;outputs/lead_lag/lead_lag_background_tests.csv;outputs/controls/wrong_region_control_statistical.csv;outputs/controls/year_block_bootstrap_summary.csv,"Same eligible event-catalog definition, code path and rules in all five regions; effective complete-case N may vary by variable/data availability. This is not a direct between-region contrast."
SYM_kara_sea_mean_sea_level_pressure,kara_sea,mean_sea_level_pressure,location-buffer;lead-lag;wrong-region;year-block,era5_msl_buffer,major_severe local events in the focus region,"location event=-1,0 background=-10,-7,-5; lead groups pre=-3,-1 event=0 post=1,3,5","100,300,500 km; lead-lag=300 km",unique_local_event_id,one-sample t-test; paired wrong-region sign-flip,location=500;lead=1000;wrong=1000;year-block=1000,location complete 90-row table; lead complete 90-row table; wrong separately within source_region,"N>=3,p_FDR<0.05,CI excludes zero; location additionally |standardized effect|>=0.2",same-source-event pairing; 4/4 wrong regions; year-block CI,location=3;lead=3;wrong=12;year=3,outputs/location_buffer_mechanism/location_buffer_evidence_table.csv;outputs/lead_lag/lead_lag_background_tests.csv;outputs/controls/wrong_region_control_statistical.csv;outputs/controls/year_block_bootstrap_summary.csv,"Same eligible event-catalog definition, code path and rules in all five regions; effective complete-case N may vary by variable/data availability. This is not a direct between-region contrast."
SYM_kara_sea_zonal_wind_u10,kara_sea,zonal_wind_u10,location-buffer;lead-lag;wrong-region;year-block,era5_u10_buffer,major_severe local events in the focus region,"location event=-1,0 background=-10,-7,-5; lead groups pre=-3,-1 event=0 post=1,3,5","100,300,500 km; lead-lag=300 km",unique_local_event_id,one-sample t-test; paired wrong-region sign-flip,location=500;lead=1000;wrong=1000;year-block=1000,location complete 90-row table; lead complete 90-row table; wrong separately within source_region,"N>=3,p_FDR<0.05,CI excludes zero; location additionally |standardized effect|>=0.2",same-source-event pairing; 4/4 wrong regions; year-block CI,location=3;lead=3;wrong=12;year=3,outputs/location_buffer_mechanism/location_buffer_evidence_table.csv;outputs/lead_lag/lead_lag_background_tests.csv;outputs/controls/wrong_region_control_statistical.csv;outputs/controls/year_block_bootstrap_summary.csv,"Same eligible event-catalog definition, code path and rules in all five regions; effective complete-case N may vary by variable/data availability. This is not a direct between-region contrast."
SYM_kara_sea_meridional_wind_v10,kara_sea,meridional_wind_v10,location-buffer;lead-lag;wrong-region;year-block,era5_v10_buffer,major_severe local events in the focus region,"location event=-1,0 background=-10,-7,-5; lead groups pre=-3,-1 event=0 post=1,3,5","100,300,500 km; lead-lag=300 km",unique_local_event_id,one-sample t-test; paired wrong-region sign-flip,location=500;lead=1000;wrong=1000;year-block=1000,location complete 90-row table; lead complete 90-row table; wrong separately within source_region,"N>=3,p_FDR<0.05,CI excludes zero; location additionally |standardized effect|>=0.2",same-source-event pairing; 4/4 wrong regions; year-block CI,location=3;lead=3;wrong=12;year=3,outputs/location_buffer_mechanism/location_buffer_evidence_table.csv;outputs/lead_lag/lead_lag_background_tests.csv;outputs/controls/wrong_region_control_statistical.csv;outputs/controls/year_block_bootstrap_summary.csv,"Same eligible event-catalog definition, code path and rules in all five regions; effective complete-case N may vary by variable/data availability. This is not a direct between-region contrast."
SYM_kara_sea_wind_speed_10m,kara_sea,wind_speed_10m,location-buffer;lead-lag;wrong-region;year-block,era5_wspd10_buffer,major_severe local events in the focus region,"location event=-1,0 background=-10,-7,-5; lead groups pre=-3,-1 event=0 post=1,3,5","100,300,500 km; lead-lag=300 km",unique_local_event_id,one-sample t-test; paired wrong-region sign-flip,location=500;lead=1000;wrong=1000;year-block=1000,location complete 90-row table; lead complete 90-row table; wrong separately within source_region,"N>=3,p_FDR<0.05,CI excludes zero; location additionally |standardized effect|>=0.2",same-source-event pairing; 4/4 wrong regions; year-block CI,location=3;lead=3;wrong=12;year=3,outputs/location_buffer_mechanism/location_buffer_evidence_table.csv;outputs/lead_lag/lead_lag_background_tests.csv;outputs/controls/wrong_region_control_statistical.csv;outputs/controls/year_block_bootstrap_summary.csv,"Same eligible event-catalog definition, code path and rules in all five regions; effective complete-case N may vary by variable/data availability. This is not a direct between-region contrast."
SYM_barents_sea_sic_state,barents_sea,sic_state,location-buffer;lead-lag;wrong-region;year-block,sic_mean_buffer,major_severe local events in the focus region,"location event=-1,0 background=-10,-7,-5; lead groups pre=-3,-1 event=0 post=1,3,5","100,300,500 km; lead-lag=300 km",unique_local_event_id,one-sample t-test; paired wrong-region sign-flip,location=500;lead=1000;wrong=1000;year-block=1000,location complete 90-row table; lead complete 90-row table; wrong separately within source_region,"N>=3,p_FDR<0.05,CI excludes zero; location additionally |standardized effect|>=0.2",same-source-event pairing; 4/4 wrong regions; year-block CI,location=3;lead=3;wrong=12;year=3,outputs/location_buffer_mechanism/location_buffer_evidence_table.csv;outputs/lead_lag/lead_lag_background_tests.csv;outputs/controls/wrong_region_control_statistical.csv;outputs/controls/year_block_bootstrap_summary.csv,"Same eligible event-catalog definition, code path and rules in all five regions; effective complete-case N may vary by variable/data availability. This is not a direct between-region contrast."
SYM_barents_sea_sic_change_5d,barents_sea,sic_change_5d,location-buffer;lead-lag;wrong-region;year-block,sic_change_5d_buffer,major_severe local events in the focus region,"location event=-1,0 background=-10,-7,-5; lead groups pre=-3,-1 event=0 post=1,3,5","100,300,500 km; lead-lag=300 km",unique_local_event_id,one-sample t-test; paired wrong-region sign-flip,location=500;lead=1000;wrong=1000;year-block=1000,location complete 90-row table; lead complete 90-row table; wrong separately within source_region,"N>=3,p_FDR<0.05,CI excludes zero; location additionally |standardized effect|>=0.2",same-source-event pairing; 4/4 wrong regions; year-block CI,location=3;lead=3;wrong=12;year=3,outputs/location_buffer_mechanism/location_buffer_evidence_table.csv;outputs/lead_lag/lead_lag_background_tests.csv;outputs/controls/wrong_region_control_statistical.csv;outputs/controls/year_block_bootstrap_summary.csv,"Same eligible event-catalog definition, code path and rules in all five regions; effective complete-case N may vary by variable/data availability. This is not a direct between-region contrast."
SYM_barents_sea_mean_sea_level_pressure,barents_sea,mean_sea_level_pressure,location-buffer;lead-lag;wrong-region;year-block,era5_msl_buffer,major_severe local events in the focus region,"location event=-1,0 background=-10,-7,-5; lead groups pre=-3,-1 event=0 post=1,3,5","100,300,500 km; lead-lag=300 km",unique_local_event_id,one-sample t-test; paired wrong-region sign-flip,location=500;lead=1000;wrong=1000;year-block=1000,location complete 90-row table; lead complete 90-row table; wrong separately within source_region,"N>=3,p_FDR<0.05,CI excludes zero; location additionally |standardized effect|>=0.2",same-source-event pairing; 4/4 wrong regions; year-block CI,location=3;lead=3;wrong=12;year=3,outputs/location_buffer_mechanism/location_buffer_evidence_table.csv;outputs/lead_lag/lead_lag_background_tests.csv;outputs/controls/wrong_region_control_statistical.csv;outputs/controls/year_block_bootstrap_summary.csv,"Same eligible event-catalog definition, code path and rules in all five regions; effective complete-case N may vary by variable/data availability. This is not a direct between-region contrast."
SYM_barents_sea_zonal_wind_u10,barents_sea,zonal_wind_u10,location-buffer;lead-lag;wrong-region;year-block,era5_u10_buffer,major_severe local events in the focus region,"location event=-1,0 background=-10,-7,-5; lead groups pre=-3,-1 event=0 post=1,3,5","100,300,500 km; lead-lag=300 km",unique_local_event_id,one-sample t-test; paired wrong-region sign-flip,location=500;lead=1000;wrong=1000;year-block=1000,location complete 90-row table; lead complete 90-row table; wrong separately within source_region,"N>=3,p_FDR<0.05,CI excludes zero; location additionally |standardized effect|>=0.2",same-source-event pairing; 4/4 wrong regions; year-block CI,location=3;lead=3;wrong=12;year=3,outputs/location_buffer_mechanism/location_buffer_evidence_table.csv;outputs/lead_lag/lead_lag_background_tests.csv;outputs/controls/wrong_region_control_statistical.csv;outputs/controls/year_block_bootstrap_summary.csv,"Same eligible event-catalog definition, code path and rules in all five regions; effective complete-case N may vary by variable/data availability. This is not a direct between-region contrast."
SYM_barents_sea_meridional_wind_v10,barents_sea,meridional_wind_v10,location-buffer;lead-lag;wrong-region;year-block,era5_v10_buffer,major_severe local events in the focus region,"location event=-1,0 background=-10,-7,-5; lead groups pre=-3,-1 event=0 post=1,3,5","100,300,500 km; lead-lag=300 km",unique_local_event_id,one-sample t-test; paired wrong-region sign-flip,location=500;lead=1000;wrong=1000;year-block=1000,location complete 90-row table; lead complete 90-row table; wrong separately within source_region,"N>=3,p_FDR<0.05,CI excludes zero; location additionally |standardized effect|>=0.2",same-source-event pairing; 4/4 wrong regions; year-block CI,location=3;lead=3;wrong=12;year=3,outputs/location_buffer_mechanism/location_buffer_evidence_table.csv;outputs/lead_lag/lead_lag_background_tests.csv;outputs/controls/wrong_region_control_statistical.csv;outputs/controls/year_block_bootstrap_summary.csv,"Same eligible event-catalog definition, code path and rules in all five regions; effective complete-case N may vary by variable/data availability. This is not a direct between-region contrast."
SYM_barents_sea_wind_speed_10m,barents_sea,wind_speed_10m,location-buffer;lead-lag;wrong-region;year-block,era5_wspd10_buffer,major_severe local events in the focus region,"location event=-1,0 background=-10,-7,-5; lead groups pre=-3,-1 event=0 post=1,3,5","100,300,500 km; lead-lag=300 km",unique_local_event_id,one-sample t-test; paired wrong-region sign-flip,location=500;lead=1000;wrong=1000;year-block=1000,location complete 90-row table; lead complete 90-row table; wrong separately within source_region,"N>=3,p_FDR<0.05,CI excludes zero; location additionally |standardized effect|>=0.2",same-source-event pairing; 4/4 wrong regions; year-block CI,location=3;lead=3;wrong=12;year=3,outputs/location_buffer_mechanism/location_buffer_evidence_table.csv;outputs/lead_lag/lead_lag_background_tests.csv;outputs/controls/wrong_region_control_statistical.csv;outputs/controls/year_block_bootstrap_summary.csv,"Same eligible event-catalog definition, code path and rules in all five regions; effective complete-case N may vary by variable/data availability. This is not a direct between-region contrast."
SYM_central_arctic_sic_state,central_arctic,sic_state,location-buffer;lead-lag;wrong-region;year-block,sic_mean_buffer,major_severe local events in the focus region,"location event=-1,0 background=-10,-7,-5; lead groups pre=-3,-1 event=0 post=1,3,5","100,300,500 km; lead-lag=300 km",unique_local_event_id,one-sample t-test; paired wrong-region sign-flip,location=500;lead=1000;wrong=1000;year-block=1000,location complete 90-row table; lead complete 90-row table; wrong separately within source_region,"N>=3,p_FDR<0.05,CI excludes zero; location additionally |standardized effect|>=0.2",same-source-event pairing; 4/4 wrong regions; year-block CI,location=3;lead=3;wrong=12;year=3,outputs/location_buffer_mechanism/location_buffer_evidence_table.csv;outputs/lead_lag/lead_lag_background_tests.csv;outputs/controls/wrong_region_control_statistical.csv;outputs/controls/year_block_bootstrap_summary.csv,"Same eligible event-catalog definition, code path and rules in all five regions; effective complete-case N may vary by variable/data availability. This is not a direct between-region contrast."
SYM_central_arctic_sic_change_5d,central_arctic,sic_change_5d,location-buffer;lead-lag;wrong-region;year-block,sic_change_5d_buffer,major_severe local events in the focus region,"location event=-1,0 background=-10,-7,-5; lead groups pre=-3,-1 event=0 post=1,3,5","100,300,500 km; lead-lag=300 km",unique_local_event_id,one-sample t-test; paired wrong-region sign-flip,location=500;lead=1000;wrong=1000;year-block=1000,location complete 90-row table; lead complete 90-row table; wrong separately within source_region,"N>=3,p_FDR<0.05,CI excludes zero; location additionally |standardized effect|>=0.2",same-source-event pairing; 4/4 wrong regions; year-block CI,location=3;lead=3;wrong=12;year=3,outputs/location_buffer_mechanism/location_buffer_evidence_table.csv;outputs/lead_lag/lead_lag_background_tests.csv;outputs/controls/wrong_region_control_statistical.csv;outputs/controls/year_block_bootstrap_summary.csv,"Same eligible event-catalog definition, code path and rules in all five regions; effective complete-case N may vary by variable/data availability. This is not a direct between-region contrast."
SYM_central_arctic_mean_sea_level_pressure,central_arctic,mean_sea_level_pressure,location-buffer;lead-lag;wrong-region;year-block,era5_msl_buffer,major_severe local events in the focus region,"location event=-1,0 background=-10,-7,-5; lead groups pre=-3,-1 event=0 post=1,3,5","100,300,500 km; lead-lag=300 km",unique_local_event_id,one-sample t-test; paired wrong-region sign-flip,location=500;lead=1000;wrong=1000;year-block=1000,location complete 90-row table; lead complete 90-row table; wrong separately within source_region,"N>=3,p_FDR<0.05,CI excludes zero; location additionally |standardized effect|>=0.2",same-source-event pairing; 4/4 wrong regions; year-block CI,location=3;lead=3;wrong=12;year=3,outputs/location_buffer_mechanism/location_buffer_evidence_table.csv;outputs/lead_lag/lead_lag_background_tests.csv;outputs/controls/wrong_region_control_statistical.csv;outputs/controls/year_block_bootstrap_summary.csv,"Same eligible event-catalog definition, code path and rules in all five regions; effective complete-case N may vary by variable/data availability. This is not a direct between-region contrast."
SYM_central_arctic_zonal_wind_u10,central_arctic,zonal_wind_u10,location-buffer;lead-lag;wrong-region;year-block,era5_u10_buffer,major_severe local events in the focus region,"location event=-1,0 background=-10,-7,-5; lead groups pre=-3,-1 event=0 post=1,3,5","100,300,500 km; lead-lag=300 km",unique_local_event_id,one-sample t-test; paired wrong-region sign-flip,location=500;lead=1000;wrong=1000;year-block=1000,location complete 90-row table; lead complete 90-row table; wrong separately within source_region,"N>=3,p_FDR<0.05,CI excludes zero; location additionally |standardized effect|>=0.2",same-source-event pairing; 4/4 wrong regions; year-block CI,location=3;lead=3;wrong=12;year=3,outputs/location_buffer_mechanism/location_buffer_evidence_table.csv;outputs/lead_lag/lead_lag_background_tests.csv;outputs/controls/wrong_region_control_statistical.csv;outputs/controls/year_block_bootstrap_summary.csv,"Same eligible event-catalog definition, code path and rules in all five regions; effective complete-case N may vary by variable/data availability. This is not a direct between-region contrast."
SYM_central_arctic_meridional_wind_v10,central_arctic,meridional_wind_v10,location-buffer;lead-lag;wrong-region;year-block,era5_v10_buffer,major_severe local events in the focus region,"location event=-1,0 background=-10,-7,-5; lead groups pre=-3,-1 event=0 post=1,3,5","100,300,500 km; lead-lag=300 km",unique_local_event_id,one-sample t-test; paired wrong-region sign-flip,location=500;lead=1000;wrong=1000;year-block=1000,location complete 90-row table; lead complete 90-row table; wrong separately within source_region,"N>=3,p_FDR<0.05,CI excludes zero; location additionally |standardized effect|>=0.2",same-source-event pairing; 4/4 wrong regions; year-block CI,location=3;lead=3;wrong=12;year=3,outputs/location_buffer_mechanism/location_buffer_evidence_table.csv;outputs/lead_lag/lead_lag_background_tests.csv;outputs/controls/wrong_region_control_statistical.csv;outputs/controls/year_block_bootstrap_summary.csv,"Same eligible event-catalog definition, code path and rules in all five regions; effective complete-case N may vary by variable/data availability. This is not a direct between-region contrast."
SYM_central_arctic_wind_speed_10m,central_arctic,wind_speed_10m,location-buffer;lead-lag;wrong-region;year-block,era5_wspd10_buffer,major_severe local events in the focus region,"location event=-1,0 background=-10,-7,-5; lead groups pre=-3,-1 event=0 post=1,3,5","100,300,500 km; lead-lag=300 km",unique_local_event_id,one-sample t-test; paired wrong-region sign-flip,location=500;lead=1000;wrong=1000;year-block=1000,location complete 90-row table; lead complete 90-row table; wrong separately within source_region,"N>=3,p_FDR<0.05,CI excludes zero; location additionally |standardized effect|>=0.2",same-source-event pairing; 4/4 wrong regions; year-block CI,location=3;lead=3;wrong=12;year=3,outputs/location_buffer_mechanism/location_buffer_evidence_table.csv;outputs/lead_lag/lead_lag_background_tests.csv;outputs/controls/wrong_region_control_statistical.csv;outputs/controls/year_block_bootstrap_summary.csv,"Same eligible event-catalog definition, code path and rules in all five regions; effective complete-case N may vary by variable/data availability. This is not a direct between-region contrast."
SYM_ALL_between_region_sic_state,ALL_FOCUS_REGIONS,sic_state,direct between-region contrast/interaction,sic_mean_buffer,five region-specific event populations,would require a common interaction model,would require jointly modeled buffer specification,UNRESOLVED_REQUIRES_REVIEW for a direct region contrast,not implemented,not implemented,not implemented,not implemented,not implemented,direct comparison required only for claims of significantly greater regional sensitivity,outputs/location_buffer_mechanism/location_buffer_evidence_table.csv;outputs/evidence/evidence_strength_matrix.csv,Support detected in one uniformly evaluated region and not another is not a significant between-region difference.
SYM_ALL_between_region_sic_change_5d,ALL_FOCUS_REGIONS,sic_change_5d,direct between-region contrast/interaction,sic_change_5d_buffer,five region-specific event populations,would require a common interaction model,would require jointly modeled buffer specification,UNRESOLVED_REQUIRES_REVIEW for a direct region contrast,not implemented,not implemented,not implemented,not implemented,not implemented,direct comparison required only for claims of significantly greater regional sensitivity,outputs/location_buffer_mechanism/location_buffer_evidence_table.csv;outputs/evidence/evidence_strength_matrix.csv,Support detected in one uniformly evaluated region and not another is not a significant between-region difference.
SYM_ALL_between_region_mean_sea_level_pressure,ALL_FOCUS_REGIONS,mean_sea_level_pressure,direct between-region contrast/interaction,era5_msl_buffer,five region-specific event populations,would require a common interaction model,would require jointly modeled buffer specification,UNRESOLVED_REQUIRES_REVIEW for a direct region contrast,not implemented,not implemented,not implemented,not implemented,not implemented,direct comparison required only for claims of significantly greater regional sensitivity,outputs/location_buffer_mechanism/location_buffer_evidence_table.csv;outputs/evidence/evidence_strength_matrix.csv,Support detected in one uniformly evaluated region and not another is not a significant between-region difference.
SYM_ALL_between_region_zonal_wind_u10,ALL_FOCUS_REGIONS,zonal_wind_u10,direct between-region contrast/interaction,era5_u10_buffer,five region-specific event populations,would require a common interaction model,would require jointly modeled buffer specification,UNRESOLVED_REQUIRES_REVIEW for a direct region contrast,not implemented,not implemented,not implemented,not implemented,not implemented,direct comparison required only for claims of significantly greater regional sensitivity,outputs/location_buffer_mechanism/location_buffer_evidence_table.csv;outputs/evidence/evidence_strength_matrix.csv,Support detected in one uniformly evaluated region and not another is not a significant between-region difference.
SYM_ALL_between_region_meridional_wind_v10,ALL_FOCUS_REGIONS,meridional_wind_v10,direct between-region contrast/interaction,era5_v10_buffer,five region-specific event populations,would require a common interaction model,would require jointly modeled buffer specification,UNRESOLVED_REQUIRES_REVIEW for a direct region contrast,not implemented,not implemented,not implemented,not implemented,not implemented,direct comparison required only for claims of significantly greater regional sensitivity,outputs/location_buffer_mechanism/location_buffer_evidence_table.csv;outputs/evidence/evidence_strength_matrix.csv,Support detected in one uniformly evaluated region and not another is not a significant between-region difference.
SYM_ALL_between_region_wind_speed_10m,ALL_FOCUS_REGIONS,wind_speed_10m,direct between-region contrast/interaction,era5_wspd10_buffer,five region-specific event populations,would require a common interaction model,would require jointly modeled buffer specification,UNRESOLVED_REQUIRES_REVIEW for a direct region contrast,not implemented,not implemented,not implemented,not implemented,not implemented,direct comparison required only for claims of significantly greater regional sensitivity,outputs/location_buffer_mechanism/location_buffer_evidence_table.csv;outputs/evidence/evidence_strength_matrix.csv,Support detected in one uniformly evaluated region and not another is not a significant between-region difference.
