region,mechanism,variable_definition,event_population,statistical_unit,between_region_contrast_status,source_files
beaufort_sea,sic_state,sic_mean_buffer,major_severe local events,unique_local_event_id,NONCOMPARABLE_NO_DIRECT_CONTRAST,outputs/location_buffer_mechanism/location_buffer_evidence_table.csv;outputs/lead_lag/lead_lag_background_tests.csv;outputs/controls/wrong_region_control_pair_summary.csv;outputs/controls/year_block_bootstrap_summary.csv
beaufort_sea,sic_change_5d,sic_change_5d_buffer,major_severe local events,unique_local_event_id,NONCOMPARABLE_NO_DIRECT_CONTRAST,outputs/location_buffer_mechanism/location_buffer_evidence_table.csv;outputs/lead_lag/lead_lag_background_tests.csv;outputs/controls/wrong_region_control_pair_summary.csv;outputs/controls/year_block_bootstrap_summary.csv
beaufort_sea,mean_sea_level_pressure,era5_msl_buffer,major_severe local events,unique_local_event_id,NONCOMPARABLE_NO_DIRECT_CONTRAST,outputs/location_buffer_mechanism/location_buffer_evidence_table.csv;outputs/lead_lag/lead_lag_background_tests.csv;outputs/controls/wrong_region_control_pair_summary.csv;outputs/controls/year_block_bootstrap_summary.csv
beaufort_sea,zonal_wind_u10,era5_u10_buffer,major_severe local events,unique_local_event_id,NONCOMPARABLE_NO_DIRECT_CONTRAST,outputs/location_buffer_mechanism/location_buffer_evidence_table.csv;outputs/lead_lag/lead_lag_background_tests.csv;outputs/controls/wrong_region_control_pair_summary.csv;outputs/controls/year_block_bootstrap_summary.csv
beaufort_sea,meridional_wind_v10,era5_v10_buffer,major_severe local events,unique_local_event_id,NONCOMPARABLE_NO_DIRECT_CONTRAST,outputs/location_buffer_mechanism/location_buffer_evidence_table.csv;outputs/lead_lag/lead_lag_background_tests.csv;outputs/controls/wrong_region_control_pair_summary.csv;outputs/controls/year_block_bootstrap_summary.csv
beaufort_sea,wind_speed_10m,era5_wspd10_buffer,major_severe local events,unique_local_event_id,NONCOMPARABLE_NO_DIRECT_CONTRAST,outputs/location_buffer_mechanism/location_buffer_evidence_table.csv;outputs/lead_lag/lead_lag_background_tests.csv;outputs/controls/wrong_region_control_pair_summary.csv;outputs/controls/year_block_bootstrap_summary.csv
beaufort_sea,cyclone_proximity,four cyclone proximity variables,major_severe clusters,cluster_id,NONCOMPARABLE_NO_DIRECT_CONTRAST,outputs/atmospheric_forcing/cyclone_proximity/cyclone_proximity_tests.csv;outputs/atmospheric_forcing/cyclone_proximity/cyclone_proximity_evidence_status.csv
beaufort_sea,ice_edge_relative_wind,primary outward edge-normal wind plus declared sensitivity diagnostics,major_severe clusters,cluster_id,NONCOMPARABLE_NO_DIRECT_CONTRAST,outputs/atmospheric_forcing/ice_edge_relative_wind/ice_edge_relative_wind_tests.csv;outputs/atmospheric_forcing/ice_edge_relative_wind/ice_edge_relative_wind_evidence_status.csv
laptev_sea,sic_state,sic_mean_buffer,major_severe local events,unique_local_event_id,NONCOMPARABLE_NO_DIRECT_CONTRAST,outputs/location_buffer_mechanism/location_buffer_evidence_table.csv;outputs/lead_lag/lead_lag_background_tests.csv;outputs/controls/wrong_region_control_pair_summary.csv;outputs/controls/year_block_bootstrap_summary.csv
laptev_sea,sic_change_5d,sic_change_5d_buffer,major_severe local events,unique_local_event_id,NONCOMPARABLE_NO_DIRECT_CONTRAST,outputs/location_buffer_mechanism/location_buffer_evidence_table.csv;outputs/lead_lag/lead_lag_background_tests.csv;outputs/controls/wrong_region_control_pair_summary.csv;outputs/controls/year_block_bootstrap_summary.csv
laptev_sea,mean_sea_level_pressure,era5_msl_buffer,major_severe local events,unique_local_event_id,NONCOMPARABLE_NO_DIRECT_CONTRAST,outputs/location_buffer_mechanism/location_buffer_evidence_table.csv;outputs/lead_lag/lead_lag_background_tests.csv;outputs/controls/wrong_region_control_pair_summary.csv;outputs/controls/year_block_bootstrap_summary.csv
laptev_sea,zonal_wind_u10,era5_u10_buffer,major_severe local events,unique_local_event_id,NONCOMPARABLE_NO_DIRECT_CONTRAST,outputs/location_buffer_mechanism/location_buffer_evidence_table.csv;outputs/lead_lag/lead_lag_background_tests.csv;outputs/controls/wrong_region_control_pair_summary.csv;outputs/controls/year_block_bootstrap_summary.csv
laptev_sea,meridional_wind_v10,era5_v10_buffer,major_severe local events,unique_local_event_id,NONCOMPARABLE_NO_DIRECT_CONTRAST,outputs/location_buffer_mechanism/location_buffer_evidence_table.csv;outputs/lead_lag/lead_lag_background_tests.csv;outputs/controls/wrong_region_control_pair_summary.csv;outputs/controls/year_block_bootstrap_summary.csv
laptev_sea,wind_speed_10m,era5_wspd10_buffer,major_severe local events,unique_local_event_id,NONCOMPARABLE_NO_DIRECT_CONTRAST,outputs/location_buffer_mechanism/location_buffer_evidence_table.csv;outputs/lead_lag/lead_lag_background_tests.csv;outputs/controls/wrong_region_control_pair_summary.csv;outputs/controls/year_block_bootstrap_summary.csv
laptev_sea,cyclone_proximity,four cyclone proximity variables,major_severe clusters,cluster_id,NONCOMPARABLE_NO_DIRECT_CONTRAST,outputs/atmospheric_forcing/cyclone_proximity/cyclone_proximity_tests.csv;outputs/atmospheric_forcing/cyclone_proximity/cyclone_proximity_evidence_status.csv
laptev_sea,ice_edge_relative_wind,primary outward edge-normal wind plus declared sensitivity diagnostics,major_severe clusters,cluster_id,NONCOMPARABLE_NO_DIRECT_CONTRAST,outputs/atmospheric_forcing/ice_edge_relative_wind/ice_edge_relative_wind_tests.csv;outputs/atmospheric_forcing/ice_edge_relative_wind/ice_edge_relative_wind_evidence_status.csv
kara_sea,sic_state,sic_mean_buffer,major_severe local events,unique_local_event_id,NONCOMPARABLE_NO_DIRECT_CONTRAST,outputs/location_buffer_mechanism/location_buffer_evidence_table.csv;outputs/lead_lag/lead_lag_background_tests.csv;outputs/controls/wrong_region_control_pair_summary.csv;outputs/controls/year_block_bootstrap_summary.csv
kara_sea,sic_change_5d,sic_change_5d_buffer,major_severe local events,unique_local_event_id,NONCOMPARABLE_NO_DIRECT_CONTRAST,outputs/location_buffer_mechanism/location_buffer_evidence_table.csv;outputs/lead_lag/lead_lag_background_tests.csv;outputs/controls/wrong_region_control_pair_summary.csv;outputs/controls/year_block_bootstrap_summary.csv
kara_sea,mean_sea_level_pressure,era5_msl_buffer,major_severe local events,unique_local_event_id,NONCOMPARABLE_NO_DIRECT_CONTRAST,outputs/location_buffer_mechanism/location_buffer_evidence_table.csv;outputs/lead_lag/lead_lag_background_tests.csv;outputs/controls/wrong_region_control_pair_summary.csv;outputs/controls/year_block_bootstrap_summary.csv
kara_sea,zonal_wind_u10,era5_u10_buffer,major_severe local events,unique_local_event_id,NONCOMPARABLE_NO_DIRECT_CONTRAST,outputs/location_buffer_mechanism/location_buffer_evidence_table.csv;outputs/lead_lag/lead_lag_background_tests.csv;outputs/controls/wrong_region_control_pair_summary.csv;outputs/controls/year_block_bootstrap_summary.csv
kara_sea,meridional_wind_v10,era5_v10_buffer,major_severe local events,unique_local_event_id,NONCOMPARABLE_NO_DIRECT_CONTRAST,outputs/location_buffer_mechanism/location_buffer_evidence_table.csv;outputs/lead_lag/lead_lag_background_tests.csv;outputs/controls/wrong_region_control_pair_summary.csv;outputs/controls/year_block_bootstrap_summary.csv
kara_sea,wind_speed_10m,era5_wspd10_buffer,major_severe local events,unique_local_event_id,NONCOMPARABLE_NO_DIRECT_CONTRAST,outputs/location_buffer_mechanism/location_buffer_evidence_table.csv;outputs/lead_lag/lead_lag_background_tests.csv;outputs/controls/wrong_region_control_pair_summary.csv;outputs/controls/year_block_bootstrap_summary.csv
kara_sea,cyclone_proximity,four cyclone proximity variables,major_severe clusters,cluster_id,NONCOMPARABLE_NO_DIRECT_CONTRAST,outputs/atmospheric_forcing/cyclone_proximity/cyclone_proximity_tests.csv;outputs/atmospheric_forcing/cyclone_proximity/cyclone_proximity_evidence_status.csv
kara_sea,ice_edge_relative_wind,primary outward edge-normal wind plus declared sensitivity diagnostics,major_severe clusters,cluster_id,NONCOMPARABLE_NO_DIRECT_CONTRAST,outputs/atmospheric_forcing/ice_edge_relative_wind/ice_edge_relative_wind_tests.csv;outputs/atmospheric_forcing/ice_edge_relative_wind/ice_edge_relative_wind_evidence_status.csv
barents_sea,sic_state,sic_mean_buffer,major_severe local events,unique_local_event_id,NONCOMPARABLE_NO_DIRECT_CONTRAST,outputs/location_buffer_mechanism/location_buffer_evidence_table.csv;outputs/lead_lag/lead_lag_background_tests.csv;outputs/controls/wrong_region_control_pair_summary.csv;outputs/controls/year_block_bootstrap_summary.csv
barents_sea,sic_change_5d,sic_change_5d_buffer,major_severe local events,unique_local_event_id,NONCOMPARABLE_NO_DIRECT_CONTRAST,outputs/location_buffer_mechanism/location_buffer_evidence_table.csv;outputs/lead_lag/lead_lag_background_tests.csv;outputs/controls/wrong_region_control_pair_summary.csv;outputs/controls/year_block_bootstrap_summary.csv
barents_sea,mean_sea_level_pressure,era5_msl_buffer,major_severe local events,unique_local_event_id,NONCOMPARABLE_NO_DIRECT_CONTRAST,outputs/location_buffer_mechanism/location_buffer_evidence_table.csv;outputs/lead_lag/lead_lag_background_tests.csv;outputs/controls/wrong_region_control_pair_summary.csv;outputs/controls/year_block_bootstrap_summary.csv
barents_sea,zonal_wind_u10,era5_u10_buffer,major_severe local events,unique_local_event_id,NONCOMPARABLE_NO_DIRECT_CONTRAST,outputs/location_buffer_mechanism/location_buffer_evidence_table.csv;outputs/lead_lag/lead_lag_background_tests.csv;outputs/controls/wrong_region_control_pair_summary.csv;outputs/controls/year_block_bootstrap_summary.csv
barents_sea,meridional_wind_v10,era5_v10_buffer,major_severe local events,unique_local_event_id,NONCOMPARABLE_NO_DIRECT_CONTRAST,outputs/location_buffer_mechanism/location_buffer_evidence_table.csv;outputs/lead_lag/lead_lag_background_tests.csv;outputs/controls/wrong_region_control_pair_summary.csv;outputs/controls/year_block_bootstrap_summary.csv
barents_sea,wind_speed_10m,era5_wspd10_buffer,major_severe local events,unique_local_event_id,NONCOMPARABLE_NO_DIRECT_CONTRAST,outputs/location_buffer_mechanism/location_buffer_evidence_table.csv;outputs/lead_lag/lead_lag_background_tests.csv;outputs/controls/wrong_region_control_pair_summary.csv;outputs/controls/year_block_bootstrap_summary.csv
barents_sea,cyclone_proximity,four cyclone proximity variables,major_severe clusters,cluster_id,NONCOMPARABLE_NO_DIRECT_CONTRAST,outputs/atmospheric_forcing/cyclone_proximity/cyclone_proximity_tests.csv;outputs/atmospheric_forcing/cyclone_proximity/cyclone_proximity_evidence_status.csv
barents_sea,ice_edge_relative_wind,primary outward edge-normal wind plus declared sensitivity diagnostics,major_severe clusters,cluster_id,NONCOMPARABLE_NO_DIRECT_CONTRAST,outputs/atmospheric_forcing/ice_edge_relative_wind/ice_edge_relative_wind_tests.csv;outputs/atmospheric_forcing/ice_edge_relative_wind/ice_edge_relative_wind_evidence_status.csv
central_arctic,sic_state,sic_mean_buffer,major_severe local events,unique_local_event_id,NONCOMPARABLE_NO_DIRECT_CONTRAST,outputs/location_buffer_mechanism/location_buffer_evidence_table.csv;outputs/lead_lag/lead_lag_background_tests.csv;outputs/controls/wrong_region_control_pair_summary.csv;outputs/controls/year_block_bootstrap_summary.csv
central_arctic,sic_change_5d,sic_change_5d_buffer,major_severe local events,unique_local_event_id,NONCOMPARABLE_NO_DIRECT_CONTRAST,outputs/location_buffer_mechanism/location_buffer_evidence_table.csv;outputs/lead_lag/lead_lag_background_tests.csv;outputs/controls/wrong_region_control_pair_summary.csv;outputs/controls/year_block_bootstrap_summary.csv
central_arctic,mean_sea_level_pressure,era5_msl_buffer,major_severe local events,unique_local_event_id,NONCOMPARABLE_NO_DIRECT_CONTRAST,outputs/location_buffer_mechanism/location_buffer_evidence_table.csv;outputs/lead_lag/lead_lag_background_tests.csv;outputs/controls/wrong_region_control_pair_summary.csv;outputs/controls/year_block_bootstrap_summary.csv
central_arctic,zonal_wind_u10,era5_u10_buffer,major_severe local events,unique_local_event_id,NONCOMPARABLE_NO_DIRECT_CONTRAST,outputs/location_buffer_mechanism/location_buffer_evidence_table.csv;outputs/lead_lag/lead_lag_background_tests.csv;outputs/controls/wrong_region_control_pair_summary.csv;outputs/controls/year_block_bootstrap_summary.csv
central_arctic,meridional_wind_v10,era5_v10_buffer,major_severe local events,unique_local_event_id,NONCOMPARABLE_NO_DIRECT_CONTRAST,outputs/location_buffer_mechanism/location_buffer_evidence_table.csv;outputs/lead_lag/lead_lag_background_tests.csv;outputs/controls/wrong_region_control_pair_summary.csv;outputs/controls/year_block_bootstrap_summary.csv
central_arctic,wind_speed_10m,era5_wspd10_buffer,major_severe local events,unique_local_event_id,NONCOMPARABLE_NO_DIRECT_CONTRAST,outputs/location_buffer_mechanism/location_buffer_evidence_table.csv;outputs/lead_lag/lead_lag_background_tests.csv;outputs/controls/wrong_region_control_pair_summary.csv;outputs/controls/year_block_bootstrap_summary.csv
central_arctic,cyclone_proximity,four cyclone proximity variables,major_severe clusters,cluster_id,NONCOMPARABLE_NO_DIRECT_CONTRAST,outputs/atmospheric_forcing/cyclone_proximity/cyclone_proximity_tests.csv;outputs/atmospheric_forcing/cyclone_proximity/cyclone_proximity_evidence_status.csv
central_arctic,ice_edge_relative_wind,primary outward edge-normal wind plus declared sensitivity diagnostics,major_severe clusters,cluster_id,NONCOMPARABLE_NO_DIRECT_CONTRAST,outputs/atmospheric_forcing/ice_edge_relative_wind/ice_edge_relative_wind_tests.csv;outputs/atmospheric_forcing/ice_edge_relative_wind/ice_edge_relative_wind_evidence_status.csv
